{"cameraMode":{"drawMode":0,"name":"Shaded","section":"Shading Mode"},"sceneLighting":false,"audioPlay":false,"sceneViewState":{"showFog":true,"showMaterialUpdate":false,"showSkybox":true,"showFlares":true,"showImageEffects":true,"showParticleSystems":true},"in2DMode":false,"pivot":{"x":12.70885944366455,"y":8.196907997131348,"z":-0.34424471855163576},"rotation":{"x":0.1362205594778061,"y":0.23595736920833589,"z":-0.033376265317201617,"w":0.9615893959999085},"size":1.993811845779419,"orthographic":false}