{"cameraMode":{"drawMode":0,"name":"Shaded","section":"Shading Mode"},"sceneLighting":false,"audioPlay":false,"sceneViewState":{"showFog":true,"showMaterialUpdate":false,"showSkybox":true,"showFlares":true,"showImageEffects":true,"showParticleSystems":true},"in2DMode":false,"pivot":{"x":2.074953556060791,"y":2.353132724761963,"z":-1.763515591621399},"rotation":{"x":0.12335184216499329,"y":0.3347461521625519,"z":-0.04421044513583183,"w":0.9331531524658203},"size":28.578840255737306,"orthographic":false}