{"cameraMode":{"drawMode":0,"name":"Shaded","section":"Shading Mode"},"sceneLighting":false,"audioPlay":false,"sceneViewState":{"showFog":true,"showMaterialUpdate":false,"showSkybox":true,"showFlares":true,"showImageEffects":true,"showParticleSystems":true},"in2DMode":false,"pivot":{"x":8.510000228881836,"y":2.1953094005584719,"z":-1.9417047500610352},"rotation":{"x":0.00548433605581522,"y":-0.9941971302032471,"z":0.06213458254933357,"w":0.0876430794596672},"size":4.973734378814697,"orthographic":false}