{"cameraMode":{"drawMode":0,"name":"Shaded","section":"Shading Mode"},"sceneLighting":false,"audioPlay":false,"sceneViewState":{"showFog":true,"showMaterialUpdate":false,"showSkybox":true,"showFlares":true,"showImageEffects":true,"showParticleSystems":true},"in2DMode":false,"pivot":{"x":13.289999961853028,"y":1.748056173324585,"z":-4.112793445587158},"rotation":{"x":-0.004613914992660284,"y":0.765449583530426,"z":-0.005544216837733984,"w":-0.643455445766449},"size":4.2421369552612309,"orthographic":false}