{"cameraMode":{"drawMode":0,"name":"Shaded","section":"Shading Mode"},"sceneLighting":false,"audioPlay":false,"sceneViewState":{"showFog":true,"showMaterialUpdate":false,"showSkybox":true,"showFlares":true,"showImageEffects":true,"showParticleSystems":true},"in2DMode":false,"pivot":{"x":-0.06432962417602539,"y":1.6700000762939454,"z":-2.7200000286102297},"rotation":{"x":0.014721162617206574,"y":0.7232760787010193,"z":0.015374192036688328,"w":-0.6902309060096741},"size":0.14289432764053346,"orthographic":false}