{"cameraMode":{"drawMode":0,"name":"Shaded","section":"Shading Mode"},"sceneLighting":false,"audioPlay":false,"sceneViewState":{"showFog":true,"showMaterialUpdate":false,"showSkybox":true,"showFlares":true,"showImageEffects":true,"showParticleSystems":true},"in2DMode":false,"pivot":{"x":0.38897818326950076,"y":1.2168622016906739,"z":-2.812962055206299},"rotation":{"x":0.09681206941604614,"y":0.1702522486448288,"z":-0.016773320734500886,"w":0.9804898500442505},"size":22.0,"orthographic":false}