{"cameraMode":{"drawMode":0,"name":"Shaded","section":"Shading Mode"},"sceneLighting":false,"audioPlay":false,"sceneViewState":{"showFog":true,"showMaterialUpdate":false,"showSkybox":true,"showFlares":true,"showImageEffects":true,"showParticleSystems":true},"in2DMode":false,"pivot":{"x":8.510000228881836,"y":0.8353092670440674,"z":-3.501704692840576},"rotation":{"x":-0.03253790736198425,"y":-0.8014814853668213,"z":-0.04379133880138397,"w":0.5955259203910828},"size":12.930411338806153,"orthographic":false}