{"cameraMode":{"drawMode":0,"name":"Shaded","section":"Shading Mode"},"sceneLighting":false,"audioPlay":false,"sceneViewState":{"showFog":true,"showMaterialUpdate":false,"showSkybox":true,"showFlares":true,"showImageEffects":true,"showParticleSystems":true},"in2DMode":false,"pivot":{"x":-0.06432962417602539,"y":1.6700000762939454,"z":-2.7200000286102297},"rotation":{"x":-0.010275538079440594,"y":-0.908095121383667,"z":-0.022329967468976976,"w":0.4180420935153961},"size":0.8573653101921082,"orthographic":false}