{"cameraMode":{"drawMode":0,"name":"Shaded","section":"Shading Mode"},"sceneLighting":false,"audioPlay":false,"sceneViewState":{"showFog":true,"showMaterialUpdate":false,"showSkybox":true,"showFlares":true,"showImageEffects":true,"showParticleSystems":true},"in2DMode":false,"pivot":{"x":0.015104532241821289,"y":0.9313920736312866,"z":1.0085408687591553},"rotation":{"x":-0.05695826932787895,"y":0.6441506147384644,"z":-0.04824261739850044,"w":-0.7612479329109192},"size":5.191970348358154,"orthographic":false}